,id,Comment_1,Comment_2,Comment_3,Comment_4,Comment_5,Comment_6,Comment_7,Commnet_8
0,00117553,"['Demonstrates above average ability, motivation and attitude in this class--']",['Demonstrates outstanding effort--'],"['Meets acceptable standards of cooperation, work, attitude and effort - ']","['Meets acceptable standards of cooperation, work, attitude and effort - ']","['Meets acceptable standards of cooperation, work, attitude and effort - ']",[''],['Conscientious about classroom responsibilities--'],['Demonstrates outstanding effort--']
1,00118265,"['Meets acceptable standards of cooperation, work, attitude and effort - ']","['Meets acceptable standards of cooperation, work, attitude and effort - ']","['Meets acceptable standards of cooperation, work, attitude and effort - ']","['Demonstrates above average ability, motivation and attitude in this class--']","['Meets acceptable standards of cooperation, work, attitude and effort - ']",[''],['Conscientious about classroom responsibilities--'],"['Meets acceptable standards of cooperation, work, attitude and effort - ']"
2,00117858,['Incomplete work--'],['Poor test scores--'],"['Meets acceptable standards of cooperation, work, attitude and effort - ']",['Incomplete work--'],"['Meets acceptable standards of cooperation, work, attitude and effort - ']",[''],[''],['']
3,00116622,"['Demonstrates above average ability, motivation and attitude in this class--']",[''],['Conscientious about classroom responsibilities--'],"['Meets acceptable standards of cooperation, work, attitude and effort - ']",['Demonstrates outstanding effort--'],[''],"['Demonstrates above average ability, motivation and attitude in this class--']","['Meets acceptable standards of cooperation, work, attitude and effort - ']"
4,00116270,['Demonstrates outstanding effort--'],"['Meets acceptable standards of cooperation, work, attitude and effort - ']","['Meets acceptable standards of cooperation, work, attitude and effort - ']",['Incomplete work--'],"['Meets acceptable standards of cooperation, work, attitude and effort - ']",[''],"['Meets acceptable standards of cooperation, work, attitude and effort - ']",['Demonstrates outstanding effort--']
5,00127515,['Need put more effort for Chinese'],"['Meets acceptable standards of cooperation, work, attitude and effort - ']","['Meets acceptable standards of cooperation, work, attitude and effort - ']","['Demonstrates above average ability, motivation and attitude in this class--']","['Demonstrates above average ability, motivation and attitude in this class--']","['Meets acceptable standards of cooperation, work, attitude and effort - ']",[''],"['Meets acceptable standards of cooperation, work, attitude and effort - ']"
6,00150306,['Unprepared for class--Pobre preparacion para la clase.'],"['Meets acceptable standards of cooperation, work, attitude and effort - ']","['Meets acceptable standards of cooperation, work, attitude and effort - ']","['Demonstrates above average ability, motivation and attitude in this class--']",['Late work = points off --'],[''],['Conscientious about classroom responsibilities--'],"['Meets acceptable standards of cooperation, work, attitude and effort - ']"
7,00117422,['Demonstrates outstanding effort--'],[''],"['Meets acceptable standards of cooperation, work, attitude and effort - ']",['Conscientious about classroom responsibilities--'],[''],"['Meets acceptable standards of cooperation, work, attitude and effort - ']",['Good work. Satisfactory'],"['Meets acceptable standards of cooperation, work, attitude and effort - ']"
8,00117541,['Inattentiveness in class--'],[''],"['Meets acceptable standards of cooperation, work, attitude and effort - ']","['Meets acceptable standards of cooperation, work, attitude and effort - ']","['Meets acceptable standards of cooperation, work, attitude and effort - ']",[''],['Conscientious about classroom responsibilities--'],"['Meets acceptable standards of cooperation, work, attitude and effort - ']"
9,00152906,"['Meets acceptable standards of cooperation, work, attitude and effort - ']",[''],['Poor test scores--'],"['Meets acceptable standards of cooperation, work, attitude and effort - ']",['Incomplete homework--'],"['Meets acceptable standards of cooperation, work, attitude and effort - ']",[''],"['Meets acceptable standards of cooperation, work, attitude and effort - ']"
10,00118171,"['Meets acceptable standards of cooperation, work, attitude and effort - ']","['Meets acceptable standards of cooperation, work, attitude and effort - ']","['Meets acceptable standards of cooperation, work, attitude and effort - ']","['Demonstrates above average ability, motivation and attitude in this class--']",[''],"['Meets acceptable standards of cooperation, work, attitude and effort - ']",['Demonstrates outstanding effort--'],"['Meets acceptable standards of cooperation, work, attitude and effort - ']"
11,00135610,"['Demonstrates above average ability, motivation and attitude in this class--']","['Meets acceptable standards of cooperation, work, attitude and effort - ']",[''],"['Meets acceptable standards of cooperation, work, attitude and effort - ']",[''],"['Meets acceptable standards of cooperation, work, attitude and effort - ']","['Demonstrates above average ability, motivation and attitude in this class--']","['Meets acceptable standards of cooperation, work, attitude and effort - ']"
12,00117435,"['Meets acceptable standards of cooperation, work, attitude and effort - ']",[''],['Conscientious about classroom responsibilities--'],"['Meets acceptable standards of cooperation, work, attitude and effort - ']",[''],"['Demonstrates above average ability, motivation and attitude in this class--']","['Demonstrates above average ability, motivation and attitude in this class--']",['Poor test scores--']
13,00118263,"['Meets acceptable standards of cooperation, work, attitude and effort - ']",['Need put more effort for Chinese'],['Conscientious about classroom responsibilities--'],[''],"['Meets acceptable standards of cooperation, work, attitude and effort - ']","['Meets acceptable standards of cooperation, work, attitude and effort - ']",[''],"['Demonstrates above average ability, motivation and attitude in this class--']"
14,00115257,['Demonstrates outstanding effort--'],"['Demonstrates above average ability, motivation and attitude in this class--']",['Conscientious about classroom responsibilities--'],['Demonstrates outstanding effort--'],"['Meets acceptable standards of cooperation, work, attitude and effort - ']",[''],"['Meets acceptable standards of cooperation, work, attitude and effort - ']","['Meets acceptable standards of cooperation, work, attitude and effort - ']"
15,00118506,"['Demonstrates above average ability, motivation and attitude in this class--']",[''],"['Demonstrates above average ability, motivation and attitude in this class--']",[''],"['Meets acceptable standards of cooperation, work, attitude and effort - ']",['Conscientious about classroom responsibilities--'],"['Meets acceptable standards of cooperation, work, attitude and effort - ']","['Meets acceptable standards of cooperation, work, attitude and effort - ']"
16,00117835,"['Demonstrates above average ability, motivation and attitude in this class--']","['Meets acceptable standards of cooperation, work, attitude and effort - ']","['Demonstrates above average ability, motivation and attitude in this class--']",['Conscientious about classroom responsibilities--'],"['Meets acceptable standards of cooperation, work, attitude and effort - ']","['Meets acceptable standards of cooperation, work, attitude and effort - ']",[''],"['Meets acceptable standards of cooperation, work, attitude and effort - ']"
17,00117558,['Incomplete work--'],"['Meets acceptable standards of cooperation, work, attitude and effort - ']",['Conscientious about classroom responsibilities--'],[''],[''],"['Meets acceptable standards of cooperation, work, attitude and effort - ']","['Meets acceptable standards of cooperation, work, attitude and effort - ']",['Demonstrates outstanding effort--']
18,00119804,"['Meets acceptable standards of cooperation, work, attitude and effort - ']","['Meets acceptable standards of cooperation, work, attitude and effort - ']","['Meets acceptable standards of cooperation, work, attitude and effort - ']","['Meets acceptable standards of cooperation, work, attitude and effort - ']","['Meets acceptable standards of cooperation, work, attitude and effort - ']",[''],[''],['Demonstrates outstanding effort--']
19,00124316,"['Meets acceptable standards of cooperation, work, attitude and effort - ']",['Inattentiveness in class--'],[''],['Inattentiveness in class--'],[''],['Incomplete homework--'],['Poor test scores--'],"['Meets acceptable standards of cooperation, work, attitude and effort - ']"
20,00115273,['Demonstrates outstanding effort--'],"['Demonstrates above average ability, motivation and attitude in this class--']",[''],['Poor test scores--'],[''],"['Meets acceptable standards of cooperation, work, attitude and effort - ']","['Demonstrates above average ability, motivation and attitude in this class--']","['Meets acceptable standards of cooperation, work, attitude and effort - ']"
21,00117468,"['Meets acceptable standards of cooperation, work, attitude and effort - ']","['Demonstrates above average ability, motivation and attitude in this class--']","['Meets acceptable standards of cooperation, work, attitude and effort - ']","['Meets acceptable standards of cooperation, work, attitude and effort - ']","['Meets acceptable standards of cooperation, work, attitude and effort - ']","['Demonstrates above average ability, motivation and attitude in this class--']",['Demonstrates outstanding effort--'],"['Demonstrates above average ability, motivation and attitude in this class--']"
22,00148451,"['Meets acceptable standards of cooperation, work, attitude and effort - ']",['Demonstrates outstanding effort--'],['Demonstrates outstanding effort--'],"['Meets acceptable standards of cooperation, work, attitude and effort - ']",['Demonstrates outstanding effort--'],[''],"['Demonstrates above average ability, motivation and attitude in this class--']",['Conscientious about classroom responsibilities--']
23,00117560,['Demonstrates outstanding effort--'],"['Meets acceptable standards of cooperation, work, attitude and effort - ']","['Meets acceptable standards of cooperation, work, attitude and effort - ']","['Demonstrates above average ability, motivation and attitude in this class--']",['Demonstrates outstanding effort--'],[''],"['Demonstrates above average ability, motivation and attitude in this class--']","['Meets acceptable standards of cooperation, work, attitude and effort - ']"
24,00117561,['In danger of failing.'],"['Meets acceptable standards of cooperation, work, attitude and effort - ']","['Meets acceptable standards of cooperation, work, attitude and effort - ']","['Demonstrates above average ability, motivation and attitude in this class--']","['Meets acceptable standards of cooperation, work, attitude and effort - ']",[''],"['Demonstrates above average ability, motivation and attitude in this class--']","['Demonstrates above average ability, motivation and attitude in this class--']"
25,00116672,"['Meets acceptable standards of cooperation, work, attitude and effort - ']",[''],['Demonstrates outstanding effort--'],"['Meets acceptable standards of cooperation, work, attitude and effort - ']","['Demonstrates above average ability, motivation and attitude in this class--']",[''],"['Demonstrates above average ability, motivation and attitude in this class--']",['Good work. Satisfactory']
26,00131340,"['Demonstrates above average ability, motivation and attitude in this class--']","['Meets acceptable standards of cooperation, work, attitude and effort - ']","['Meets acceptable standards of cooperation, work, attitude and effort - ']","['Meets acceptable standards of cooperation, work, attitude and effort - ']",['Conscientious about classroom responsibilities--'],[''],['Demonstrates outstanding effort--'],"['Meets acceptable standards of cooperation, work, attitude and effort - ']"
27,00117916,"['Meets acceptable standards of cooperation, work, attitude and effort - ']",[''],"['Meets acceptable standards of cooperation, work, attitude and effort - ']","['Meets acceptable standards of cooperation, work, attitude and effort - ']",[''],"['Meets acceptable standards of cooperation, work, attitude and effort - ']",['Conscientious about classroom responsibilities--'],"['Demonstrates above average ability, motivation and attitude in this class--']"
28,00123726,"['Meets acceptable standards of cooperation, work, attitude and effort - ']","['Meets acceptable standards of cooperation, work, attitude and effort - ']",[''],"['Meets acceptable standards of cooperation, work, attitude and effort - ']",[''],"['Meets acceptable standards of cooperation, work, attitude and effort - ']","['Meets acceptable standards of cooperation, work, attitude and effort - ']",['Conscientious about classroom responsibilities--']
29,00117562,['Demonstrates outstanding effort--'],"['Meets acceptable standards of cooperation, work, attitude and effort - ']",['Conscientious about classroom responsibilities--'],[''],"['Meets acceptable standards of cooperation, work, attitude and effort - ']","['Meets acceptable standards of cooperation, work, attitude and effort - ']","['Meets acceptable standards of cooperation, work, attitude and effort - ']","['Meets acceptable standards of cooperation, work, attitude and effort - ']"
30,00118471,"['Meets acceptable standards of cooperation, work, attitude and effort - ']","['Meets acceptable standards of cooperation, work, attitude and effort - ']","['Demonstrates above average ability, motivation and attitude in this class--']",['Conscientious about classroom responsibilities--'],"['Demonstrates above average ability, motivation and attitude in this class--']",[''],['Demonstrates outstanding effort--'],"['Meets acceptable standards of cooperation, work, attitude and effort - ']"
31,00118147,['Poor test scores--'],[''],"['Meets acceptable standards of cooperation, work, attitude and effort - ']",['Conscientious about classroom responsibilities--'],['Incomplete homework--'],"['Meets acceptable standards of cooperation, work, attitude and effort - ']",[''],"['Demonstrates above average ability, motivation and attitude in this class--']"
32,00117122,"['Demonstrates above average ability, motivation and attitude in this class--']",[''],"['Meets acceptable standards of cooperation, work, attitude and effort - ']","['Demonstrates above average ability, motivation and attitude in this class--']","['Meets acceptable standards of cooperation, work, attitude and effort - ']",[''],[''],"['Meets acceptable standards of cooperation, work, attitude and effort - ']"
33,00117563,['Conscientious about classroom responsibilities--'],['Conscientious about classroom responsibilities--'],"['Meets acceptable standards of cooperation, work, attitude and effort - ']",[''],"['Meets acceptable standards of cooperation, work, attitude and effort - ']",['Poor test scores--'],[''],"['Meets acceptable standards of cooperation, work, attitude and effort - ']"
34,00125558,['Poor test scores--'],['In danger of failing.'],[''],['Unprepared for class--'],[''],"['Meets acceptable standards of cooperation, work, attitude and effort - ']",['Incomplete homework--'],"['Meets acceptable standards of cooperation, work, attitude and effort - ']"
35,00118502,"['Meets acceptable standards of cooperation, work, attitude and effort - ']",[''],"['Meets acceptable standards of cooperation, work, attitude and effort - ']",[''],['Incomplete homework--'],"['Meets acceptable standards of cooperation, work, attitude and effort - ']","['Meets acceptable standards of cooperation, work, attitude and effort - ']","['Demonstrates above average ability, motivation and attitude in this class--']"
36,00141419,"['Meets acceptable standards of cooperation, work, attitude and effort - ']","['Meets acceptable standards of cooperation, work, attitude and effort - ']","['Demonstrates above average ability, motivation and attitude in this class--']",[''],"['Meets acceptable standards of cooperation, work, attitude and effort - ']","['Meets acceptable standards of cooperation, work, attitude and effort - ']","['Demonstrates above average ability, motivation and attitude in this class--']","['Meets acceptable standards of cooperation, work, attitude and effort - ']"
37,00116062,['Good work. Satisfactory'],['Need put more effort for Chinese'],"['Meets acceptable standards of cooperation, work, attitude and effort - ']","['Meets acceptable standards of cooperation, work, attitude and effort - ']","['Meets acceptable standards of cooperation, work, attitude and effort - ']",[''],['Demonstrates outstanding effort--'],"['Meets acceptable standards of cooperation, work, attitude and effort - ']"
38,00143681,"['Meets acceptable standards of cooperation, work, attitude and effort - ']","['Meets acceptable standards of cooperation, work, attitude and effort - ']",['Demonstrates outstanding effort--'],[''],"['Meets acceptable standards of cooperation, work, attitude and effort - ']","['Demonstrates above average ability, motivation and attitude in this class--']",['Conscientious about classroom responsibilities--'],"['Demonstrates above average ability, motivation and attitude in this class--']"
39,00118798,"['Demonstrates above average ability, motivation and attitude in this class--']","['Meets acceptable standards of cooperation, work, attitude and effort - ']",['Conscientious about classroom responsibilities--'],"['Meets acceptable standards of cooperation, work, attitude and effort - ']","['Meets acceptable standards of cooperation, work, attitude and effort - ']","['Demonstrates above average ability, motivation and attitude in this class--']",[''],['Demonstrates outstanding effort--']
40,00113361,['Improvement noted--'],[''],"['Meets acceptable standards of cooperation, work, attitude and effort - ']","['Meets acceptable standards of cooperation, work, attitude and effort - ']",['Conscientious about classroom responsibilities--'],[''],[''],['Conscientious about classroom responsibilities--']
41,00116744,['Conscientious about classroom responsibilities--'],"['Meets acceptable standards of cooperation, work, attitude and effort - ']","['Meets acceptable standards of cooperation, work, attitude and effort - ']",[''],['Demonstrates outstanding effort--'],"['Demonstrates above average ability, motivation and attitude in this class--']","['Meets acceptable standards of cooperation, work, attitude and effort - ']","['Meets acceptable standards of cooperation, work, attitude and effort - ']"
42,00146702,"['Meets acceptable standards of cooperation, work, attitude and effort - ']",[''],"['Demonstrates above average ability, motivation and attitude in this class--']","['Demonstrates above average ability, motivation and attitude in this class--']","['Demonstrates above average ability, motivation and attitude in this class--']",[''],"['Meets acceptable standards of cooperation, work, attitude and effort - ']",['Conscientious about classroom responsibilities--']
43,00117665,"['Meets acceptable standards of cooperation, work, attitude and effort - ']",['Conscientious about classroom responsibilities--'],['Demonstrates outstanding effort--'],[''],[''],"['Meets acceptable standards of cooperation, work, attitude and effort - ']",['Conscientious about classroom responsibilities--'],"['Meets acceptable standards of cooperation, work, attitude and effort - ']"
44,00118247,"['Meets acceptable standards of cooperation, work, attitude and effort - ']","['Demonstrates above average ability, motivation and attitude in this class--']",['Demonstrates outstanding effort--'],['Good Work. Satisfactory'],"['Meets acceptable standards of cooperation, work, attitude and effort - ']","['Meets acceptable standards of cooperation, work, attitude and effort - ']",[''],['Demonstrates outstanding effort--']
45,00118503,['Poor test scores--'],['Parent conference requested--'],['Conscientious about classroom responsibilities--'],[''],"['Meets acceptable standards of cooperation, work, attitude and effort - ']","['Meets acceptable standards of cooperation, work, attitude and effort - ']","['Meets acceptable standards of cooperation, work, attitude and effort - ']","['Meets acceptable standards of cooperation, work, attitude and effort - ']"
46,00118019,"['Meets acceptable standards of cooperation, work, attitude and effort - ']",[''],"['Demonstrates above average ability, motivation and attitude in this class--']","['Meets acceptable standards of cooperation, work, attitude and effort - ']",[''],"['Meets acceptable standards of cooperation, work, attitude and effort - ']","['Meets acceptable standards of cooperation, work, attitude and effort - ']","['Meets acceptable standards of cooperation, work, attitude and effort - ']"
47,00127392,"['Meets acceptable standards of cooperation, work, attitude and effort - ']",[''],['Demonstrates outstanding effort--'],"['Demonstrates above average ability, motivation and attitude in this class--']","['Demonstrates above average ability, motivation and attitude in this class--']",[''],[''],"['Meets acceptable standards of cooperation, work, attitude and effort - ']"
48,00117424,['Incomplete homework--'],[''],['Conscientious about classroom responsibilities--'],[''],['Good work. Satisfactory'],['Incomplete homework--'],[''],['Incomplete homework--']
49,00117582,['Need put more effort for Chinese'],"['Meets acceptable standards of cooperation, work, attitude and effort - ']","['Demonstrates above average ability, motivation and attitude in this class--']",[''],"['Meets acceptable standards of cooperation, work, attitude and effort - ']",[''],"['Demonstrates above average ability, motivation and attitude in this class--']",['Demonstrates outstanding effort--']
50,00127172,[''],"['Meets acceptable standards of cooperation, work, attitude and effort - ']",['Incomplete work--'],['Need put more effort for Chinese'],[''],"['Demonstrates above average ability, motivation and attitude in this class--']",['Incomplete homework--'],"['Meets acceptable standards of cooperation, work, attitude and effort - ']"
51,00134673,"['Demonstrates above average ability, motivation and attitude in this class--']",[''],"['Meets acceptable standards of cooperation, work, attitude and effort - ']",['Incomplete homework--'],"['Meets acceptable standards of cooperation, work, attitude and effort - ']","['Meets acceptable standards of cooperation, work, attitude and effort - ']",[''],"['Demonstrates above average ability, motivation and attitude in this class--']"
52,00122317,['Need put more effort for Chinese'],"['Meets acceptable standards of cooperation, work, attitude and effort - ']","['Demonstrates above average ability, motivation and attitude in this class--']",[''],"['Meets acceptable standards of cooperation, work, attitude and effort - ']",[''],"['Demonstrates above average ability, motivation and attitude in this class--']",['Poor test scores--']
53,00120456,['Conscientious about classroom responsibilities--'],"['Meets acceptable standards of cooperation, work, attitude and effort - ']","['Meets acceptable standards of cooperation, work, attitude and effort - ']","['Meets acceptable standards of cooperation, work, attitude and effort - ']","['Demonstrates above average ability, motivation and attitude in this class--']",[''],"['Meets acceptable standards of cooperation, work, attitude and effort - ']","['Meets acceptable standards of cooperation, work, attitude and effort - ']"
54,00118031,"['Meets acceptable standards of cooperation, work, attitude and effort - ']",['Late assignments = points off --'],[''],"['Demonstrates above average ability, motivation and attitude in this class--']","['Demonstrates above average ability, motivation and attitude in this class--']",['Conscientious about classroom responsibilities--'],"['Meets acceptable standards of cooperation, work, attitude and effort - ']","['Meets acceptable standards of cooperation, work, attitude and effort - ']"
55,00117483,['Need put more effort for Chinese'],"['Meets acceptable standards of cooperation, work, attitude and effort - ']",['Incomplete homework--'],"['Demonstrates above average ability, motivation and attitude in this class--']","['Meets acceptable standards of cooperation, work, attitude and effort - ']","['Demonstrates above average ability, motivation and attitude in this class--']",[''],['Demonstrates outstanding effort--']
56,00119553,"['Demonstrates above average ability, motivation and attitude in this class--']","['Meets acceptable standards of cooperation, work, attitude and effort - ']","['Meets acceptable standards of cooperation, work, attitude and effort - ']","['Demonstrates above average ability, motivation and attitude in this class--']","['Meets acceptable standards of cooperation, work, attitude and effort - ']","['Meets acceptable standards of cooperation, work, attitude and effort - ']",[''],['Poor test scores--']
57,00117464,['I assigned a quiz twice on Google classroom and she did not do it.'],"['Meets acceptable standards of cooperation, work, attitude and effort - ']","['Meets acceptable standards of cooperation, work, attitude and effort - ']","['Demonstrates above average ability, motivation and attitude in this class--']","['Meets acceptable standards of cooperation, work, attitude and effort - ']","['Demonstrates above average ability, motivation and attitude in this class--']",[''],"['Meets acceptable standards of cooperation, work, attitude and effort - ']"
58,00120503,['Conscientious about classroom responsibilities--'],"['Meets acceptable standards of cooperation, work, attitude and effort - ']","['Meets acceptable standards of cooperation, work, attitude and effort - ']","['Demonstrates above average ability, motivation and attitude in this class--']","['Demonstrates above average ability, motivation and attitude in this class--']","['Meets acceptable standards of cooperation, work, attitude and effort - ']",[''],"['Meets acceptable standards of cooperation, work, attitude and effort - ']"
59,00140852,"['Meets acceptable standards of cooperation, work, attitude and effort - ']","['Meets acceptable standards of cooperation, work, attitude and effort - ']","['Meets acceptable standards of cooperation, work, attitude and effort - ']",[''],"['Demonstrates above average ability, motivation and attitude in this class--']","['Demonstrates above average ability, motivation and attitude in this class--']","['Meets acceptable standards of cooperation, work, attitude and effort - ']",['Demonstrates outstanding effort--']
60,00115360,"['Meets acceptable standards of cooperation, work, attitude and effort - ']","['Meets acceptable standards of cooperation, work, attitude and effort - ']","['Meets acceptable standards of cooperation, work, attitude and effort - ']","['Meets acceptable standards of cooperation, work, attitude and effort - ']",[''],"['Meets acceptable standards of cooperation, work, attitude and effort - ']","['Meets acceptable standards of cooperation, work, attitude and effort - ']","['Demonstrates above average ability, motivation and attitude in this class--']"
61,00117692,['Conscientious about classroom responsibilities--'],"['Meets acceptable standards of cooperation, work, attitude and effort - ']","['Demonstrates above average ability, motivation and attitude in this class--']",['Demonstrates outstanding effort--'],[''],"['Meets acceptable standards of cooperation, work, attitude and effort - ']","['Meets acceptable standards of cooperation, work, attitude and effort - ']","['Demonstrates above average ability, motivation and attitude in this class--']"
62,00155847,"['Meets acceptable standards of cooperation, work, attitude and effort - ']",['Conscientious about classroom responsibilities--'],"['Demonstrates above average ability, motivation and attitude in this class--']",[''],"['Meets acceptable standards of cooperation, work, attitude and effort - ']","['Demonstrates above average ability, motivation, and attitude in this class--']",['Demonstrates outstanding effort--'],"['Meets acceptable standards of cooperation, work, attitude and effort - ']"
63,00127512,['Incomplete homework--'],[''],['Incomplete homework--'],['Conscientious about classroom responsibilities--'],[''],"['Meets acceptable standards of cooperation, work, attitude and effort - ']","['Meets acceptable standards of cooperation, work, attitude and effort - ']",['Incomplete homework--']
64,00117585,"['Demonstrates above average ability, motivation and attitude in this class--']","['Demonstrates above average ability, motivation and attitude in this class--']","['Meets acceptable standards of cooperation, work, attitude and effort - ']",[''],[''],"['Meets acceptable standards of cooperation, work, attitude and effort - ']",['Good work. Satisfactory'],"['Meets acceptable standards of cooperation, work, attitude and effort - ']"
65,00117897,['Need put more effort for Chinese'],[''],"['Demonstrates above average ability, motivation and attitude in this class--']","['Demonstrates above average ability, motivation and attitude in this class--']",['Conscientious about classroom responsibilities--'],"['Meets acceptable standards of cooperation, work, attitude and effort - ']",[''],['Demonstrates outstanding effort--']
66,00123065,['Incomplete homework--'],[''],"['Meets acceptable standards of cooperation, work, attitude and effort - ']","['Meets acceptable standards of cooperation, work, attitude and effort - ']",[''],['Incomplete homework--'],"['Meets acceptable standards of cooperation, work, attitude and effort - ']",['Incomplete homework--']
67,00126850,"['Meets acceptable standards of cooperation, work, attitude and effort - ']","['Meets acceptable standards of cooperation, work, attitude and effort - ']","['Meets acceptable standards of cooperation, work, attitude and effort - ']",['Conscientious about classroom responsibilities--'],"['Meets acceptable standards of cooperation, work, attitude and effort - ']","['Demonstrates above average ability, motivation and attitude in this class--']",[''],['Demonstrates outstanding effort--']
68,00118782,"['Meets acceptable standards of cooperation, work, attitude and effort - ']",[''],"['Demonstrates above average ability, motivation and attitude in this class--']",[''],['Incomplete homework--'],"['Meets acceptable standards of cooperation, work, attitude and effort - ']","['Meets acceptable standards of cooperation, work, attitude and effort.']","['Meets acceptable standards of cooperation, work, attitude and effort - ']"
69,00117512,"['Meets acceptable standards of cooperation, work, attitude and effort - ']","['Demonstrates above average ability, motivation and attitude in this class--']",['Conscientious about classroom responsibilities--'],[''],"['Meets acceptable standards of cooperation, work, attitude and effort - ']","['Meets acceptable standards of cooperation, work, attitude and effort - ']",[''],"['Meets acceptable standards of cooperation, work, attitude and effort - ']"
70,00145447,"['Meets acceptable standards of cooperation, work, attitude and effort - ']","['Meets acceptable standards of cooperation, work, attitude and effort - ']","['Meets acceptable standards of cooperation, work, attitude and effort - ']",[''],['Conscientious about classroom responsibilities--'],"['Meets acceptable standards of cooperation, work, attitude and effort - ']","['Meets acceptable standards of cooperation, work, attitude and effort - ']",['Unprepared for class--']
71,00117861,"['Meets acceptable standards of cooperation, work, attitude and effort - ']",[''],['Conscientious about classroom responsibilities--'],[''],"['Meets acceptable standards of cooperation, work, attitude and effort - ']","['Demonstrates above average ability, motivation and attitude in this class--']",[''],"['Meets acceptable standards of cooperation, work, attitude and effort - ']"
72,00122926,"['Demonstrates above average ability, motivation and attitude in this class--']",[''],"['Meets acceptable standards of cooperation, work, attitude and effort - ']","['Meets acceptable standards of cooperation, work, attitude and effort - ']",[''],"['Meets acceptable standards of cooperation, work, attitude and effort - ']","['Meets acceptable standards of cooperation, work, attitude and effort. ']","['Meets acceptable standards of cooperation, work, attitude and effort - ']"
73,00117761,"['Meets acceptable standards of cooperation, work, attitude and effort - ']","['Meets acceptable standards of cooperation, work, attitude and effort - ']",[''],"['Meets acceptable standards of cooperation, work, attitude and effort - ']",[''],"['Meets acceptable standards of cooperation, work, attitude and effort - ']","['Demonstrates above average ability, motivation and attitude in this class--']","['Meets acceptable standards of cooperation, work, attitude and effort - ']"
74,00122794,['Need put more effort for Chinese'],"['Demonstrates above average ability, motivation and attitude in this class--']",[''],['Unprepared for class--'],[''],"['Meets acceptable standards of cooperation, work, attitude and effort - ']",['Conscientious about classroom responsibilities--'],"['Meets acceptable standards of cooperation, work, attitude and effort - ']"
75,00117419,"['Meets acceptable standards of cooperation, work, attitude and effort - ']",[''],"['Meets acceptable standards of cooperation, work, attitude and effort - ']","['Demonstrates above average ability, motivation and attitude in this class--']",['Conscientious about classroom responsibilities--'],"['Meets acceptable standards of cooperation, work, attitude and effort - ']",[''],"['Meets acceptable standards of cooperation, work, attitude and effort - ']"
76,00143862,"[""Wonderful student, but needs to participate more in improvisation exercises.  Participation in improvisation will be a large part of this marking period's grade.""]",['Poor test scores--'],['Conscientious about classroom responsibilities--'],['Demonstrates outstanding effort--'],"['Demonstrates above average ability, motivation and attitude in this class--']","['Meets acceptable standards of cooperation, work, attitude and effort - ']","['Meets acceptable standards of cooperation, work, attitude and effort - ']","['Meets acceptable standards of cooperation, work, attitude and effort - ']"
77,00117917,"['Meets acceptable standards of cooperation, work, attitude and effort - ']",['Poor test scores--'],['Demonstrates outstanding effort--'],['Conscientious about classroom responsibilities--'],"['Meets acceptable standards of cooperation, work, attitude and effort - ']",[''],['Conscientious about classroom responsibilities--'],"['Meets acceptable standards of cooperation, work, attitude and effort - ']"
78,00139896,"['Meets acceptable standards of cooperation, work, attitude and effort - ']",[''],['Conscientious about classroom responsibilities--'],"['Meets acceptable standards of cooperation, work, attitude and effort - ']",[''],"['Meets acceptable standards of cooperation, work, attitude and effort - ']",['Shows improvement'],"['Meets acceptable standards of cooperation, work, attitude and effort - ']"
79,00117646,['Conscientious about classroom responsibilities--'],"['Demonstrates above average ability, motivation and attitude in this class--']",[''],"['Demonstrates above average ability, motivation and attitude in this class--']","['Meets acceptable standards of cooperation, work, attitude and effort - ']",[''],"['Demonstrates above average ability, motivation and attitude in this class--']",['Demonstrates outstanding effort--']
80,00131475,"['Meets acceptable standards of cooperation, work, attitude and effort - ']",['Need put more effort for Chinese'],['Poor test scores--'],"['Meets acceptable standards of cooperation, work, attitude and effort - ']","['Demonstrates above average ability, motivation and attitude in this class--']","['Meets acceptable standards of cooperation, work, attitude and effort - ']",[''],['']
81,00117599,"['Meets acceptable standards of cooperation, work, attitude and effort - ']","['Meets acceptable standards of cooperation, work, attitude and effort - ']",['Poor test scores--'],['Conscientious about classroom responsibilities--'],['Conscientious about classroom responsibilities--'],[''],"['Meets acceptable standards of cooperation, work, attitude and effort - ']","['Meets acceptable standards of cooperation, work, attitude and effort - ']"
82,00118223,"['Demonstrates above average ability, motivation and attitude in this class--']","['Meets acceptable standards of cooperation, work, attitude and effort - ']",['Conscientious about classroom responsibilities--'],"['Meets acceptable standards of cooperation, work, attitude and effort - ']","['Demonstrates above average ability, motivation and attitude in this class--']","['Meets acceptable standards of cooperation, work, attitude and effort - ']","['Meets acceptable standards of cooperation, work, attitude and effort - ']","['Demonstrates above average ability, motivation and attitude in this class--']"
83,00118224,"['Meets acceptable standards of cooperation, work, attitude and effort - ']","['Meets acceptable standards of cooperation, work, attitude and effort - ']",['Demonstrates outstanding effort--'],"['Demonstrates above average ability, motivation and attitude in this class--']",['Demonstrates outstanding effort--'],[''],[''],['Demonstrates outstanding effort--']
84,00117465,"['Demonstrates above average ability, motivation and attitude in this class--']","['Meets acceptable standards of cooperation, work, attitude and effort - ']",['Incomplete homework--'],"['Demonstrates above average ability, motivation and attitude in this class--']","['Meets acceptable standards of cooperation, work, attitude and effort - ']",[''],"['Demonstrates above average ability, motivation and attitude in this class--']","['Meets acceptable standards of cooperation, work, attitude and effort - ']"
85,00148751,"['Meets acceptable standards of cooperation, work, attitude and effort - ']","['Meets acceptable standards of cooperation, work, attitude and effort - ']","['Demonstrates above average ability, motivation and attitude in this class--']",['Conscientious about classroom responsibilities--'],[''],['Conscientious about classroom responsibilities--'],['Demonstrates outstanding effort--'],"['Meets acceptable standards of cooperation, work, attitude and effort - ']"
86,00116757,"['Demonstrates above average ability, motivation and attitude in this class--']","['Demonstrates above average ability, motivation and attitude in this class--']",[''],"['Meets acceptable standards of cooperation, work, attitude and effort - ']","['Meets acceptable standards of cooperation, work, attitude and effort - ']","['Meets acceptable standards of cooperation, work, attitude and effort - ']",[''],['Incomplete work-']
87,00122019,"['Meets acceptable standards of cooperation, work, attitude and effort - ']",['Unprepared for class--Pobre preparacion para la clase.'],"['Meets acceptable standards of cooperation, work, attitude and effort - ']",[''],"['Meets acceptable standards of cooperation, work, attitude and effort - ']","['Meets acceptable standards of cooperation, work, attitude and effort - ']",[''],"['Demonstrates above average ability, motivation and attitude in this class--']"
88,00123629,['Incomplete homework--'],[''],"['Meets acceptable standards of cooperation, work, attitude and effort - ']","['Meets acceptable standards of cooperation, work, attitude and effort - ']","['Meets acceptable standards of cooperation, work, attitude and effort - ']",[''],[''],"['Meets acceptable standards of cooperation, work, attitude and effort - ']"
89,00122952,"['Meets acceptable standards of cooperation, work, attitude and effort - ']","['Meets acceptable standards of cooperation, work, attitude and effort - ']","['Demonstrates above average ability, motivation and attitude in this class--']","['Meets acceptable standards of cooperation, work, attitude and effort - ']","['Meets acceptable standards of cooperation, work, attitude and effort - ']",[''],['Conscientious about classroom responsibilities--'],['Demonstrates outstanding effort--']
90,00123118,['Conscientious about classroom responsibilities--'],"['Meets acceptable standards of cooperation, work, attitude and effort - ']","['Meets acceptable standards of cooperation, work, attitude and effort - ']",[''],"['Meets acceptable standards of cooperation, work, attitude and effort - ']",[''],['Demonstrates outstanding effort--'],"['Meets acceptable standards of cooperation, work, attitude and effort - ']"
91,00128797,"['Meets acceptable standards of cooperation, work, attitude and effort - ']","['Meets acceptable standards of cooperation, work, attitude and effort - ']",[''],['Conscientious about classroom responsibilities--'],['Conscientious about classroom responsibilities--'],"['Meets acceptable standards of cooperation, work, attitude and effort - ']",[''],['Demonstrates outstanding effort--']
92,00128218,"['Meets acceptable standards of cooperation, work, attitude and effort - ']","['Meets acceptable standards of cooperation, work, attitude and effort - ']","['Meets acceptable standards of cooperation, work, attitude and effort - ']","['Demonstrates above average ability, motivation and attitude in this class--']","['Meets acceptable standards of cooperation, work, attitude and effort - ']",[''],[''],"['Demonstrates above average ability, motivation and attitude in this class--']"
93,00118374,"['Meets acceptable standards of cooperation, work, attitude and effort - ']","['Meets acceptable standards of cooperation, work, attitude and effort - ']","['Meets acceptable standards of cooperation, work, attitude and effort - ']","['Meets acceptable standards of cooperation, work, attitude and effort - ']",[''],"['Meets acceptable standards of cooperation, work, attitude and effort - ']",['Conscientious about classroom responsibilities--'],"['Meets acceptable standards of cooperation, work, attitude and effort - ']"
94,00119257,"['Meets acceptable standards of cooperation, work, attitude and effort - ']","['Demonstrates above average ability, motivation, and attitude in this class--']","['Meets acceptable standards of cooperation, work, attitude and effort - ']","['Demonstrates above average ability, motivation and attitude in this class--']","['Demonstrates above average ability, motivation and attitude in this class--']",[''],"['Meets acceptable standards of cooperation, work, attitude and effort - ']","['Meets acceptable standards of cooperation, work, attitude and effort - ']"
95,00117848,"['Meets acceptable standards of cooperation, work, attitude and effort - ']",[''],"['Demonstrates above average ability, motivation and attitude in this class--']","['Demonstrates above average ability, motivation and attitude in this class--']",[''],"['Meets acceptable standards of cooperation, work, attitude and effort - ']",['Conscientious about classroom responsibilities--'],['Incomplete homework--']
96,00117824,[''],"['Meets acceptable standards of cooperation, work, attitude and effort - ']",[''],"['Meets acceptable standards of cooperation, work, attitude and effort - ']","['Meets acceptable standards of cooperation, work, attitude and effort - ']","['Meets acceptable standards of cooperation, work, attitude and effort - ']",[''],['Failed to make up missed work']
97,00115457,['Need put more effort for Chinese'],"['Meets acceptable standards of cooperation, work, attitude and effort - ']","['Meets acceptable standards of cooperation, work, attitude and effort - ']",[''],"['Meets acceptable standards of cooperation, work, attitude and effort - ']","['Meets acceptable standards of cooperation, work, attitude and effort - ']","['Demonstrates above average ability, motivation and attitude in this class--']","['Meets acceptable standards of cooperation, work, attitude and effort - ']"
98,00136556,['Conscientious about classroom responsibilities--'],"['Meets acceptable standards of cooperation, work, attitude and effort - ']",['Conscientious about classroom responsibilities--'],"['Meets acceptable standards of cooperation, work, attitude and effort - ']","['Meets acceptable standards of cooperation, work, attitude and effort - ']",[''],[''],['Demonstrates outstanding effort--']
99,00124809,['Inattentiveness in class--'],['Conscientious about classroom responsibilities--'],"['Meets acceptable standards of cooperation, work, attitude and effort - ']",[''],['Incomplete homework--'],"['Meets acceptable standards of cooperation, work, attitude and effort - ']",[''],['Demonstrates outstanding effort--']
100,00118186,['Incomplete homework--'],['Conscientious about classroom responsibilities--'],[''],[''],['Improvement noted--'],[''],['Conscientious about classroom responsibilities--'],['Owes 7 assignments --']
101,00117522,"['Meets acceptable standards of cooperation, work, attitude and effort - ']","['Meets acceptable standards of cooperation, work, attitude and effort - ']","['Meets acceptable standards of cooperation, work, attitude and effort - ']","['Demonstrates above average ability, motivation and attitude in this class--']","['Demonstrates above average ability, motivation and attitude in this class--']","['Demonstrates above average ability, motivation and attitude in this class--']",[''],"['Meets acceptable standards of cooperation, work, attitude and effort - ']"
102,00117684,"['Meets acceptable standards of cooperation, work, attitude and effort - ']",[''],"['Meets acceptable standards of cooperation, work, attitude and effort - ']",['Conscientious about classroom responsibilities--'],[''],"['Meets acceptable standards of cooperation, work, attitude and effort - ']","['Meets acceptable standards of cooperation, work, attitude and effort - ']","['Demonstrates above average ability, motivation and attitude in this class--']"
103,00122134,"['Meets acceptable standards of cooperation, work, attitude and effort - ']","['Demonstrates above average ability, motivation and attitude in this class--']",['Need put more effort for Chinese'],[''],"['Meets acceptable standards of cooperation, work, attitude and effort - ']","['Meets acceptable standards of cooperation, work, attitude and effort - ']",[''],['']
104,00126769,"['Demonstrates above average ability, motivation and attitude in this class--']","['Meets acceptable standards of cooperation, work, attitude and effort - ']","['Demonstrates above average ability, motivation, and attitude in this class--']","['Demonstrates above average ability, motivation and attitude in this class--']","['Meets acceptable standards of cooperation, work, attitude and effort - ']",[''],['Conscientious about classroom responsibilities--'],"['Meets acceptable standards of cooperation, work, attitude and effort - ']"
105,00126653,"['Meets acceptable standards of cooperation, work, attitude and effort - ']",[''],['Conscientious about classroom responsibilities--'],"['Meets acceptable standards of cooperation, work, attitude and effort - ']","['Meets acceptable standards of cooperation, work, attitude and effort - ']","['Demonstrates above average ability, motivation and attitude in this class--']",[''],['Conscientious about classroom responsibilities--']
106,00122871,['Inattentiveness in class--'],[''],"['Demonstrates above average ability, motivation and attitude in this class--']","['Meets acceptable standards of cooperation, work, attitude and effort - ']","['Meets acceptable standards of cooperation, work, attitude and effort - ']","['Meets acceptable standards of cooperation, work, attitude and effort - ']",[''],['Demonstrates outstanding effort--']
107,00117875,"['Meets acceptable standards of cooperation, work, attitude and effort - ']",[''],"['Meets acceptable standards of cooperation, work, attitude and effort - ']",['Incomplete work--'],['Demonstrates outstanding effort--'],[''],"['Meets acceptable standards of cooperation, work, attitude and effort - ']",['Conscientious about classroom responsibilities--']
108,00116646,[''],"['Demonstrates above average ability, motivation and attitude in this class--']","['Meets acceptable standards of cooperation, work, attitude and effort - ']",['Need put more effort for Chinese'],['Incomplete homework--'],"['Meets acceptable standards of cooperation, work, attitude and effort - ']",[''],['']
109,00143054,"['Meets acceptable standards of cooperation, work, attitude and effort - ']",['Incomplete work--'],"['Meets acceptable standards of cooperation, work, attitude and effort - ']",['Incomplete work--'],[''],['Incomplete homework--'],['Incomplete homework--Asignaciones incompletas.'],['Demonstrates outstanding effort--']
110,00122097,['Incomplete work--'],[''],"['Meets acceptable standards of cooperation, work, attitude and effort - ']",['Incomplete work--'],['Good work. Satisfactory'],"['Meets acceptable standards of cooperation, work, attitude and effort - ']",[''],['Poor test scores--']
111,00117976,"['Meets acceptable standards of cooperation, work, attitude and effort - ']",[''],"['Demonstrates above average ability, motivation and attitude in this class--']",[''],['Conscientious about classroom responsibilities--'],"['Meets acceptable standards of cooperation, work, attitude and effort - ']","['Meets acceptable standards of cooperation, work, attitude and effort - ']",['Demonstrates outstanding effort--']
112,00116412,"['Meets acceptable standards of cooperation, work, attitude and effort - ']",['Conscientious about classroom responsibilities--'],['Inattentiveness in class--'],['Incomplete work--'],['Owes 4 assignments --'],[''],['Unprepared for class--'],['Incomplete work--']
113,00122140,"['Meets acceptable standards of cooperation, work, attitude and effort - ']",[''],"['Demonstrates above average ability, motivation and attitude in this class--']",['Demonstrates outstanding effort--'],"['Meets acceptable standards of cooperation, work, attitude and effort - ']","['Meets acceptable standards of cooperation, work, attitude and effort - ']",[''],['Demonstrates outstanding effort--']
114,00137955,"['Meets acceptable standards of cooperation, work, attitude and effort - ']",['Conscientious about classroom responsibilities--'],[''],['Demonstrates outstanding effort--'],"['Meets acceptable standards of cooperation, work, attitude and effort - ']",[''],"['Demonstrates above average ability, motivation and attitude in this class--']","['Meets acceptable standards of cooperation, work, attitude and effort - ']"
115,00117619,"['Meets acceptable standards of cooperation, work, attitude and effort - ']","['Meets acceptable standards of cooperation, work, attitude and effort - ']",[''],['Demonstrates outstanding effort--'],[''],"['Meets acceptable standards of cooperation, work, attitude and effort - ']",[''],['Conscientious about classroom responsibilities--']
116,00123030,['Conscientious about classroom responsibilities--'],[''],['Conscientious about classroom responsibilities--'],[''],"['Meets acceptable standards of cooperation, work, attitude and effort - ']",[''],"['Meets acceptable standards of cooperation, work, attitude and effort - ']","['Meets acceptable standards of cooperation, work, attitude and effort - ']"
117,00117617,['Poor test scores--'],"['Meets acceptable standards of cooperation, work, attitude and effort - ']",['Poor test scores--'],[''],['Good work. Satisfactory'],"['Meets acceptable standards of cooperation, work, attitude and effort - ']",[''],"['Meets acceptable standards of cooperation, work, attitude and effort - ']"
118,00117674,['Conscientious about classroom responsibilities--'],[''],"['Meets acceptable standards of cooperation, work, attitude and effort - ']","['Demonstrates above average ability, motivation and attitude in this class--']","['Demonstrates above average ability, motivation and attitude in this class--']",[''],['Conscientious about classroom responsibilities--'],['Incomplete homework--']
119,00117725,"['Meets acceptable standards of cooperation, work, attitude and effort - ']",[''],['Incomplete homework--Asignaciones incompletas.'],"['Meets acceptable standards of cooperation, work, attitude and effort - ']",['Incomplete homework--'],"['Meets acceptable standards of cooperation, work, attitude and effort - ']",[''],['Demonstrates outstanding effort--']
120,00118500,['Conscientious about classroom responsibilities--'],"['Demonstrates above average ability, motivation and attitude in this class--']","['Meets acceptable standards of cooperation, work, attitude and effort - ']",['Demonstrates outstanding effort--'],[''],"['Demonstrates above average ability, motivation and attitude in this class--']",['Demonstrates outstanding effort--'],"['Demonstrates above average ability, motivation and attitude in this class--']"
121,00117622,"['Demonstrates above average ability, motivation and attitude in this class--']","['Demonstrates above average ability, motivation and attitude in this class--']","['Demonstrates above average ability, motivation and attitude in this class--']",['Conscientious about classroom responsibilities--'],"['Meets acceptable standards of cooperation, work, attitude and effort - ']",[''],"['Meets acceptable standards of cooperation, work, attitude and effort - ']",['Conscientious about classroom responsibilities--']
122,00142855,"['Meets acceptable standards of cooperation, work, attitude and effort - ']",['Incomplete work--'],['Need put more effort for Chinese'],"['Meets acceptable standards of cooperation, work, attitude and effort - ']",[''],"['Meets acceptable standards of cooperation, work, attitude and effort - ']","['Demonstrates above average ability, motivation and attitude in this class--']",['Conscientious about classroom responsibilities--']
123,00122869,"['Meets acceptable standards of cooperation, work, attitude and effort - ']",['Poor test scores--'],"['Demonstrates above average ability, motivation and attitude in this class--']","['Meets acceptable standards of cooperation, work, attitude and effort - ']","['Meets acceptable standards of cooperation, work, attitude and effort - ']",[''],[''],['Incomplete homework--']
124,00134904,['Conscientious about classroom responsibilities--'],['Poor test scores--'],['Incomplete homework--'],"['Meets acceptable standards of cooperation, work, attitude and effort - ']","['Meets acceptable standards of cooperation, work, attitude and effort - ']",[''],"['Meets acceptable standards of cooperation, work, attitude and effort - ']",['Conscientious about classroom responsibilities--']
125,00122968,"['Meets acceptable standards of cooperation, work, attitude and effort - ']",['Conscientious about classroom responsibilities--'],"['Meets acceptable standards of cooperation, work, attitude and effort - ']","['Demonstrates above average ability, motivation and attitude in this class--']",['Demonstrates outstanding effort--'],[''],[''],"['Meets acceptable standards of cooperation, work, attitude and effort - ']"
126,00122955,['Conscientious about classroom responsibilities--'],"['Meets acceptable standards of cooperation, work, attitude and effort - ']",['Demonstrates outstanding effort--'],"['Meets acceptable standards of cooperation, work, attitude and effort - ']",['Demonstrates outstanding effort--'],[''],[''],"['Meets acceptable standards of cooperation, work, attitude and effort - ']"
127,00117634,[''],[''],[''],[''],[''],[''],[''],['']
128,00145265,[''],"['Meets acceptable standards of cooperation, work, attitude and effort - ']","['Meets acceptable standards of cooperation, work, attitude and effort - ']","['Meets acceptable standards of cooperation, work, attitude and effort - ']","['Meets acceptable standards of cooperation, work, attitude and effort - ']",['Incomplete homework--'],[''],['Good work. Satisfactory']
129,00118078,['Poor test scores--'],[''],"['Meets acceptable standards of cooperation, work, attitude and effort - ']","['Demonstrates above average ability, motivation and attitude in this class--']","['Meets acceptable standards of cooperation, work, attitude and effort - ']",[''],"['Meets acceptable standards of cooperation, work, attitude and effort - ']","['Demonstrates above average ability, motivation and attitude in this class--']"
130,00121869,['Demonstrates outstanding effort--'],"['Meets acceptable standards of cooperation, work, attitude and effort - ']","['Meets acceptable standards of cooperation, work, attitude and effort - ']",[''],"['Meets acceptable standards of cooperation, work, attitude and effort - ']","['Meets acceptable standards of cooperation, work, attitude and effort - ']",['Conscientious about classroom responsibilities--'],"['Meets acceptable standards of cooperation, work, attitude and effort - ']"
131,00117912,['Parent conference requested--'],[''],"['Meets acceptable standards of cooperation, work, attitude and effort - ']",['Incomplete work--'],"['Meets acceptable standards of cooperation, work, attitude and effort - ']",[''],['Need put more effort for Chinese'],['Incomplete homework--']
132,00117487,"['Meets acceptable standards of cooperation, work, attitude and effort - ']",[''],"['Meets acceptable standards of cooperation, work, attitude and effort - ']","['Meets acceptable standards of cooperation, work, attitude and effort - ']","['Meets acceptable standards of cooperation, work, attitude and effort - ']",[''],['Demonstrates outstanding effort--'],"['Meets acceptable standards of cooperation, work, attitude and effort - ']"
133,00119424,"['Meets acceptable standards of cooperation, work, attitude and effort - ']",[''],"['Meets acceptable standards of cooperation, work, attitude and effort - ']","['Demonstrates above average ability, motivation and attitude in this class--']","['Meets acceptable standards of cooperation, work, attitude and effort - ']","['Meets acceptable standards of cooperation, work, attitude and effort - ']",[''],['Poor test scores--']
134,00126101,"['Meets acceptable standards of cooperation, work, attitude and effort - ']","['Meets acceptable standards of cooperation, work, attitude and effort - ']",['Demonstrates outstanding effort--'],[''],"['Meets acceptable standards of cooperation, work, attitude and effort - ']",[''],"['Meets acceptable standards of cooperation, work, attitude and effort - ']",['Demonstrates outstanding effort--']
135,00117783,"['Demonstrates above average ability, motivation and attitude in this class--']","['Demonstrates above average ability, motivation and attitude in this class--']","['Meets acceptable standards of cooperation, work, attitude and effort - ']","['Meets acceptable standards of cooperation, work, attitude and effort - ']","['Demonstrates above average ability, motivation and attitude in this class--']",[''],"['Meets acceptable standards of cooperation, work, attitude and effort - ']","['Meets acceptable standards of cooperation, work, attitude and effort - ']"
136,00117495,[''],"['Meets acceptable standards of cooperation, work, attitude and effort - ']",[''],"['Meets acceptable standards of cooperation, work, attitude and effort - ']","['Meets acceptable standards of cooperation, work, attitude and effort - ']",['Demonstrates outstanding effort--'],"['Demonstrates above average ability, motivation and attitude in this class--']",['']
137,00117810,"['Demonstrates above average ability, motivation and attitude in this class--']",['Demonstrates outstanding effort--'],"['Meets acceptable standards of cooperation, work, attitude and effort - ']",['Demonstrates outstanding effort--'],[''],"['Meets acceptable standards of cooperation, work, attitude and effort - ']",['Conscientious about classroom responsibilities--'],"['Meets acceptable standards of cooperation, work, attitude and effort - ']"
138,00117676,"['Demonstrates above average ability, motivation and attitude in this class--']",['Demonstrates outstanding effort--'],"['Meets acceptable standards of cooperation, work, attitude and effort - ']","['Meets acceptable standards of cooperation, work, attitude and effort - ']",[''],"['Meets acceptable standards of cooperation, work, attitude and effort - ']",['Conscientious about classroom responsibilities--'],"['Meets acceptable standards of cooperation, work, attitude and effort - ']"
139,00122094,"['Meets acceptable standards of cooperation, work, attitude and effort - ']","['Meets acceptable standards of cooperation, work, attitude and effort - ']",[''],['Incomplete work--'],[''],"['Meets acceptable standards of cooperation, work, attitude and effort - ']","['Meets acceptable standards of cooperation, work, attitude and effort - ']","['Meets acceptable standards of cooperation, work, attitude and effort - ']"
140,00117442,"['Meets acceptable standards of cooperation, work, attitude and effort - ']","['Meets acceptable standards of cooperation, work, attitude and effort - ']","['Meets acceptable standards of cooperation, work, attitude and effort - ']","['Demonstrates above average ability, motivation and attitude in this class--']","['Meets acceptable standards of cooperation, work, attitude and effort - ']",[''],[''],"['Meets acceptable standards of cooperation, work, attitude and effort - ']"
141,00117497,[''],"['Meets acceptable standards of cooperation, work, attitude and effort - ']",[''],"['Meets acceptable standards of cooperation, work, attitude and effort - ']",['Conscientious about classroom responsibilities--'],"['Meets acceptable standards of cooperation, work, attitude and effort - ']","['Meets acceptable standards of cooperation, work, attitude and effort - ']",['']
142,00118195,"['Demonstrates above average ability, motivation and attitude in this class--']","['Meets acceptable standards of cooperation, work, attitude and effort - ']",['Demonstrates outstanding effort--'],"['Meets acceptable standards of cooperation, work, attitude and effort - ']","['Demonstrates above average ability, motivation and attitude in this class--']",[''],"['Meets acceptable standards of cooperation, work, attitude and effort - ']","['Meets acceptable standards of cooperation, work, attitude and effort - ']"
143,00124368,"['Demonstrates above average ability, motivation and attitude in this class--']",[''],"['Meets acceptable standards of cooperation, work, attitude and effort - ']",[''],"['Meets acceptable standards of cooperation, work, attitude and effort - ']","['Meets acceptable standards of cooperation, work, attitude and effort - ']",['Conscientious about classroom responsibilities--'],"['Meets acceptable standards of cooperation, work, attitude and effort - ']"
144,00126842,"['Meets acceptable standards of cooperation, work, attitude and effort - ']","['Demonstrates above average ability, motivation and attitude in this class--']","['Meets acceptable standards of cooperation, work, attitude and effort - ']","['Meets acceptable standards of cooperation, work, attitude and effort - ']","['Meets acceptable standards of cooperation, work, attitude and effort - ']",[''],['Demonstrates outstanding effort--'],"['Meets acceptable standards of cooperation, work, attitude and effort - ']"
145,00126844,"['Meets acceptable standards of cooperation, work, attitude and effort - ']","['Demonstrates above average ability, motivation and attitude in this class--']",['Incomplete homework--'],"['Meets acceptable standards of cooperation, work, attitude and effort - ']","['Meets acceptable standards of cooperation, work, attitude and effort - ']",[''],['Demonstrates outstanding effort--'],"['Meets acceptable standards of cooperation, work, attitude and effort - ']"
146,00118254,['Incomplete homework--'],[''],[''],[''],[''],[''],[''],['']
147,00117639,"['Meets acceptable standards of cooperation, work, attitude and effort - ']",[''],"['Meets acceptable standards of cooperation, work, attitude and effort - ']","['Meets acceptable standards of cooperation, work, attitude and effort - ']",[''],"['Demonstrates above average ability, motivation and attitude in this class--']","['Meets acceptable standards of cooperation, work, attitude and effort - ']",['Demonstrates outstanding effort--']
148,00117915,['Need put more effort for Chinese'],"['Meets acceptable standards of cooperation, work, attitude and effort - ']",['Demonstrates outstanding effort--'],[''],"['Meets acceptable standards of cooperation, work, attitude and effort - ']",[''],"['Meets acceptable standards of cooperation, work, attitude and effort - ']",['Demonstrates outstanding effort--']
149,00117831,"['Meets acceptable standards of cooperation, work, attitude and effort - ']",['Demonstrates outstanding effort--'],"['Meets acceptable standards of cooperation, work, attitude and effort - ']","['Meets acceptable standards of cooperation, work, attitude and effort - ']",[''],['Conscientious about classroom responsibilities--'],['Demonstrates outstanding effort--'],"['Meets acceptable standards of cooperation, work, attitude and effort - ']"
150,00118955,"['Demonstrates above average ability, motivation and attitude in this class--']",[''],"['Meets acceptable standards of cooperation, work, attitude and effort - ']","['Meets acceptable standards of cooperation, work, attitude and effort - ']","['Meets acceptable standards of cooperation, work, attitude and effort - ']",[''],"['Meets acceptable standards of cooperation, work, attitude and effort - ']","['Demonstrates above average ability, motivation and attitude in this class--']"
151,00117918,"['Meets acceptable standards of cooperation, work, attitude and effort - ']","['Meets acceptable standards of cooperation, work, attitude and effort - ']","['Meets acceptable standards of cooperation, work, attitude and effort - ']","['Meets acceptable standards of cooperation, work, attitude and effort - ']",['Conscientious about classroom responsibilities--'],[''],"['Meets acceptable standards of cooperation, work, attitude and effort - ']","['Meets acceptable standards of cooperation, work, attitude and effort - ']"
152,00123192,"['Meets acceptable standards of cooperation, work, attitude and effort - ']","['Demonstrates above average ability, motivation and attitude in this class--']",['Demonstrates outstanding effort--'],[''],[''],"['Meets acceptable standards of cooperation, work, attitude and effort - ']",['Conscientious about classroom responsibilities--'],"['Meets acceptable standards of cooperation, work, attitude and effort - ']"
153,00138653,"['Meets acceptable standards of cooperation, work, attitude and effort - ']",[''],"['Meets acceptable standards of cooperation, work, attitude and effort - ']",['Demonstrates outstanding effort--'],[''],['Demonstrates outstanding effort--'],[''],"['Meets acceptable standards of cooperation, work, attitude and effort - ']"
154,00117723,"['Meets acceptable standards of cooperation, work, attitude and effort - ']",['Incomplete work--Trabajo incompleto.'],[''],"['Meets acceptable standards of cooperation, work, attitude and effort - ']",[''],"['Meets acceptable standards of cooperation, work, attitude and effort - ']","['Meets acceptable standards of cooperation, work, attitude and effort - ']",['Demonstrates outstanding effort--']
155,00119770,"['Demonstrates above average ability, motivation and attitude in this class--']","['Meets acceptable standards of cooperation, work, attitude and effort - ']",['Late work = points off --'],"['Meets acceptable standards of cooperation, work, attitude and effort - ']",[''],"['Meets acceptable standards of cooperation, work, attitude and effort - ']","['Demonstrates above average ability, motivation and attitude in this class--']","['Meets acceptable standards of cooperation, work, attitude and effort - ']"
156,00127186,"['Meets acceptable standards of cooperation, work, attitude and effort - ']",[''],"['Demonstrates above average ability, motivation and attitude in this class--']","['Meets acceptable standards of cooperation, work, attitude and effort - ']","['Meets acceptable standards of cooperation, work, attitude and effort - ']",[''],"['Meets acceptable standards of cooperation, work, attitude and effort - ']","['Demonstrates above average ability, motivation and attitude in this class--']"
157,00121404,['Inattentiveness in class--'],"['Meets acceptable standards of cooperation, work, attitude and effort - ']",[''],['Incomplete work--'],"['Meets acceptable standards of cooperation, work, attitude and effort - ']","['Meets acceptable standards of cooperation, work, attitude and effort - ']",[''],"['Meets acceptable standards of cooperation, work, attitude and effort - ']"
158,00121104,['Poor test scores--'],[''],['Demonstrates outstanding effort--'],['Conscientious about classroom responsibilities--'],"['Meets acceptable standards of cooperation, work, attitude and effort - ']",[''],"['Meets acceptable standards of cooperation, work, attitude and effort - ']",['Incomplete homework--']
159,00117819,['Demonstrates outstanding effort--'],['Needs to improve pronunciation.'],"['Demonstrates above average ability, motivation and attitude in this class--']","['Meets acceptable standards of cooperation, work, attitude and effort - ']","['Demonstrates above average ability, motivation and attitude in this class--']",[''],[''],"['Meets acceptable standards of cooperation, work, attitude and effort - ']"
160,00118253,['Poor test scores--'],[''],"['Meets acceptable standards of cooperation, work, attitude and effort - ']","['Meets acceptable standards of cooperation, work, attitude and effort - ']","['Demonstrates above average ability, motivation and attitude in this class--']","['Meets acceptable standards of cooperation, work, attitude and effort - ']",[''],['Demonstrates outstanding effort--']
161,00118000,['.'],"['Meets acceptable standards of cooperation, work, attitude and effort - ']","['Meets acceptable standards of cooperation, work, attitude and effort - ']","['Demonstrates above average ability, motivation and attitude in this class--']","['Meets acceptable standards of cooperation, work, attitude and effort - ']",[''],"['Meets acceptable standards of cooperation, work, attitude and effort - ']","['Meets acceptable standards of cooperation, work, attitude and effort - ']"
162,00127006,"['Meets acceptable standards of cooperation, work, attitude and effort - ']",[''],"['Meets acceptable standards of cooperation, work, attitude and effort - ']",[''],['Incomplete homework--'],"['Meets acceptable standards of cooperation, work, attitude and effort - ']","['Demonstrates above average ability, motivation and attitude in this class--']",['Poor test scores--']
163,00122361,"['Meets acceptable standards of cooperation, work, attitude and effort - ']",[''],['Conscientious about classroom responsibilities--'],[''],"['Meets acceptable standards of cooperation, work, attitude and effort - ']","['Meets acceptable standards of cooperation, work, attitude and effort - ']","['Demonstrates above average ability, motivation and attitude in this class--']","['Meets acceptable standards of cooperation, work, attitude and effort - ']"
164,00117806,"['Meets acceptable standards of cooperation, work, attitude and effort - ']",[''],"['Meets acceptable standards of cooperation, work, attitude and effort - ']",['Conscientious about classroom responsibilities--'],"['Meets acceptable standards of cooperation, work, attitude and effort - ']",[''],[''],['Demonstrates outstanding effort--']
165,00117441,['Need put more effort for Chinese'],"['Meets acceptable standards of cooperation, work, attitude and effort - ']","['Meets acceptable standards of cooperation, work, attitude and effort - ']",[''],"['Meets acceptable standards of cooperation, work, attitude and effort - ']",[''],"['Demonstrates above average ability, motivation and attitude in this class--']",['Demonstrates outstanding effort--']
166,00117502,"['Meets acceptable standards of cooperation, work, attitude and effort - ']","['Meets acceptable standards of cooperation, work, attitude and effort - ']","['Meets acceptable standards of cooperation, work, attitude and effort - ']","['Demonstrates above average ability, motivation and attitude in this class--']","['Meets acceptable standards of cooperation, work, attitude and effort - ']","['Demonstrates above average ability, motivation and attitude in this class--']","['Meets acceptable standards of cooperation, work, attitude and effort - ']","['Meets acceptable standards of cooperation, work, attitude and effort - ']"
167,00127657,['Conscientious about classroom responsibilities--'],"['Meets acceptable standards of cooperation, work, attitude and effort - ']",[''],"['Meets acceptable standards of cooperation, work, attitude and effort - ']",['Conscientious about classroom responsibilities--'],[''],"['Demonstrates above average ability, motivation and attitude in this class--']",['Demonstrates outstanding effort--']
168,00117485,"['Meets acceptable standards of cooperation, work, attitude and effort - ']","['Meets acceptable standards of cooperation, work, attitude and effort - ']","['Demonstrates above average ability, motivation and attitude in this class--']",[''],"['Meets acceptable standards of cooperation, work, attitude and effort - ']","['Meets acceptable standards of cooperation, work, attitude and effort - ']","['Meets acceptable standards of cooperation, work, attitude and effort - ']","['Meets acceptable standards of cooperation, work, attitude and effort - ']"
169,00122902,"['Meets acceptable standards of cooperation, work, attitude and effort - ']","['Meets acceptable standards of cooperation, work, attitude and effort - ']","['Demonstrates above average ability, motivation and attitude in this class--']",['Demonstrates outstanding effort--'],[''],"['Meets acceptable standards of cooperation, work, attitude and effort - ']","['Meets acceptable standards of cooperation, work, attitude and effort - ']","['Meets acceptable standards of cooperation, work, attitude and effort - ']"
170,00117548,"['Meets acceptable standards of cooperation, work, attitude and effort - ']",[''],"['Demonstrates above average ability, motivation and attitude in this class--']",['Conscientious about classroom responsibilities--'],[''],"['Meets acceptable standards of cooperation, work, attitude and effort - ']","['Meets acceptable standards of cooperation, work, attitude and effort - ']",['Demonstrates outstanding effort--']
171,00117817,[''],"['Meets acceptable standards of cooperation, work, attitude and effort - ']",[''],"['Meets acceptable standards of cooperation, work, attitude and effort - ']","['Demonstrates above average ability, motivation and attitude in this class--']","['Meets acceptable standards of cooperation, work, attitude and effort - ']",[''],['Demonstrates outstanding effort--']
172,00117759,"['Meets acceptable standards of cooperation, work, attitude and effort - ']",['Demonstrates outstanding effort--'],"['Meets acceptable standards of cooperation, work, attitude and effort - ']","['Demonstrates above average ability, motivation and attitude in this class--']","['Meets acceptable standards of cooperation, work, attitude and effort - ']",[''],['Conscientious about classroom responsibilities--'],"['Demonstrates above average ability, motivation and attitude in this class--']"
173,00126590,"['Meets acceptable standards of cooperation, work, attitude and effort - ']","['Meets acceptable standards of cooperation, work, attitude and effort - ']","['Meets acceptable standards of cooperation, work, attitude and effort - ']",['Incomplete homework--'],['Demonstrates outstanding effort--'],"['Meets acceptable standards of cooperation, work, attitude and effort - ']",[''],"['Demonstrates above average ability, motivation and attitude in this class--']"
174,00118725,[''],['Improvement noted--'],"['Meets acceptable standards of cooperation, work, attitude and effort - ']","['Meets acceptable standards of cooperation, work, attitude and effort - ']",[''],['Incomplete work--'],"['Meets acceptable standards of cooperation, work, attitude and effort - ']","['Meets acceptable standards of cooperation, work, attitude and effort - ']"
175,00126534,"['Meets acceptable standards of cooperation, work, attitude and effort - ']","['Meets acceptable standards of cooperation, work, attitude and effort - ']","['Meets acceptable standards of cooperation, work, attitude and effort - ']",['Demonstrates outstanding effort--'],[''],['Good work. Satisfactory'],['Demonstrates outstanding effort--'],"['Demonstrates above average ability, motivation and attitude in this class--']"
176,00118024,['Parent conference requested--'],[''],['Conscientious about classroom responsibilities--'],['Incomplete work--'],"['Meets acceptable standards of cooperation, work, attitude and effort - ']",[''],['Conscientious about classroom responsibilities--'],['Incomplete homework--']
177,00115841,"['Meets acceptable standards of cooperation, work, attitude and effort - ']",['Good work. Satisfactory'],['Conscientious about classroom responsibilities--'],[''],['Demonstrates outstanding effort--'],"['Meets acceptable standards of cooperation, work, attitude and effort - ']","['Meets acceptable standards of cooperation, work, attitude and effort - ']","['Meets acceptable standards of cooperation, work, attitude and effort - ']"
178,00122963,"['Meets acceptable standards of cooperation, work, attitude and effort - ']","['Demonstrates above average ability, motivation and attitude in this class--']",['Need put more effort for Chinese'],"['Meets acceptable standards of cooperation, work, attitude and effort - ']","['Meets acceptable standards of cooperation, work, attitude and effort - ']","['Meets acceptable standards of cooperation, work, attitude and effort - ']",[''],"['Meets acceptable standards of cooperation, work, attitude and effort - ']"
179,00120166,"['Demonstrates above average ability, motivation and attitude in this class--']","['Meets acceptable standards of cooperation, work, attitude and effort - ']","['Meets acceptable standards of cooperation, work, attitude and effort - ']",['Conscientious about classroom responsibilities--'],[''],"['Meets acceptable standards of cooperation, work, attitude and effort - ']","['Meets acceptable standards of cooperation, work, attitude and effort - ']","['Meets acceptable standards of cooperation, work, attitude and effort - ']"
180,00128507,"['Meets acceptable standards of cooperation, work, attitude and effort - ']",['Conscientious about classroom responsibilities--'],[''],['Incomplete work--'],['Conscientious about classroom responsibilities--'],"['Meets acceptable standards of cooperation, work, attitude and effort - ']",[''],"['Meets acceptable standards of cooperation, work, attitude and effort - ']"
181,00117651,['Need put more effort for Chinese'],"['Meets acceptable standards of cooperation, work, attitude and effort - ']","['Demonstrates above average ability, motivation and attitude in this class--']","['Demonstrates above average ability, motivation and attitude in this class--']",['Conscientious about classroom responsibilities--'],"['Meets acceptable standards of cooperation, work, attitude and effort - ']",[''],"['Meets acceptable standards of cooperation, work, attitude and effort - ']"
182,00117670,"['Meets acceptable standards of cooperation, work, attitude and effort - ']",[''],"['Meets acceptable standards of cooperation, work, attitude and effort - ']","['Demonstrates above average ability, motivation and attitude in this class--']",[''],"['Meets acceptable standards of cooperation, work, attitude and effort - ']",['Need put more effort for Chinese'],['Demonstrates outstanding effort--']
183,00117503,"['Demonstrates above average ability, motivation and attitude in this class--']","['Meets acceptable standards of cooperation, work, attitude and effort - ']","['Meets acceptable standards of cooperation, work, attitude and effort - ']",['Demonstrates outstanding effort--'],['Conscientious about classroom responsibilities--'],[''],"['Meets acceptable standards of cooperation, work, attitude and effort - ']","['Meets acceptable standards of cooperation, work, attitude and effort - ']"
184,00116449,['Inattentiveness in class--'],"['Meets acceptable standards of cooperation, work, attitude and effort - ']",[''],['Demonstrates outstanding effort--'],[''],"['Meets acceptable standards of cooperation, work, attitude and effort - ']","['Meets acceptable standards of cooperation, work, attitude and effort - ']",['Demonstrates outstanding effort--']
185,00118359,"['Meets acceptable standards of cooperation, work, attitude and effort - ']",['Conscientious about classroom responsibilities--'],"['Demonstrates above average ability, motivation and attitude in this class--']",[''],[''],"['Meets acceptable standards of cooperation, work, attitude and effort - ']","['Meets acceptable standards of cooperation, work, attitude and effort - ']",['Conscientious about classroom responsibilities--']
186,00128772,"['Meets acceptable standards of cooperation, work, attitude and effort - ']","['Meets acceptable standards of cooperation, work, attitude and effort - ']","['Meets acceptable standards of cooperation, work, attitude and effort - ']","['Meets acceptable standards of cooperation, work, attitude and effort - ']","['Meets acceptable standards of cooperation, work, attitude and effort - ']",[''],['Conscientious about classroom responsibilities--'],"['Demonstrates above average ability, motivation and attitude in this class--']"
187,00118889,"['Meets acceptable standards of cooperation, work, attitude and effort - ']","['Meets acceptable standards of cooperation, work, attitude and effort - ']",['Incomplete homework--'],[''],"['Meets acceptable standards of cooperation, work, attitude and effort - ']","['Meets acceptable standards of cooperation, work, attitude and effort - ']",['Demonstrates outstanding effort--'],"['Demonstrates above average ability, motivation and attitude in this class--']"
188,00118168,"['Meets acceptable standards of cooperation, work, attitude and effort - ']",['Incomplete work--Trabajo incompleto.'],[''],['Owes 7 assignments -- '],"['Demonstrates above average ability, motivation and attitude in this class--']","['Demonstrates above average ability, motivation and attitude in this class--']","['Demonstrates above average ability, motivation and attitude in this class--']","['Meets acceptable standards of cooperation, work, attitude and effort - ']"
189,00117452,"['Meets acceptable standards of cooperation, work, attitude and effort - ']",[''],"['Meets acceptable standards of cooperation, work, attitude and effort - ']","['Meets acceptable standards of cooperation, work, attitude and effort - ']",['Conscientious about classroom responsibilities--'],[''],['Demonstrates outstanding effort--'],"['Demonstrates above average ability, motivation and attitude in this class--']"
190,00118681,"['Meets acceptable standards of cooperation, work, attitude and effort - ']",['Conscientious about classroom responsibilities--'],"['Demonstrates above average ability, motivation and attitude in this class--']",['Conscientious about classroom responsibilities--'],[''],"['Meets acceptable standards of cooperation, work, attitude and effort - ']","['Meets acceptable standards of cooperation, work, attitude and effort - ']","['Demonstrates above average ability, motivation and attitude in this class--']"
191,00117514,"['Meets acceptable standards of cooperation, work, attitude and effort - ']",[''],"['Meets acceptable standards of cooperation, work, attitude and effort - ']","['Meets acceptable standards of cooperation, work, attitude and effort - ']","['Meets acceptable standards of cooperation, work, attitude and effort - ']",[''],"['Meets acceptable standards of cooperation, work, attitude and effort - ']","['Meets acceptable standards of cooperation, work, attitude and effort - ']"
192,00121102,"['Meets acceptable standards of cooperation, work, attitude and effort - ']",['Conscientious about classroom responsibilities--'],['Demonstrates outstanding effort--'],[''],"['Meets acceptable standards of cooperation, work, attitude and effort - ']","['Meets acceptable standards of cooperation, work, attitude and effort - ']",[''],"['Demonstrates above average ability, motivation and attitude in this class--']"
193,00117765,"['Meets acceptable standards of cooperation, work, attitude and effort - ']",['Conscientious about classroom responsibilities--'],[''],"['Meets acceptable standards of cooperation, work, attitude and effort - ']","['Meets acceptable standards of cooperation, work, attitude and effort - ']",[''],"['Demonstrates above average ability, motivation and attitude in this class--']","['Meets acceptable standards of cooperation, work, attitude and effort - ']"
194,00131183,[''],"['Meets acceptable standards of cooperation, work, attitude and effort - ']","['Meets acceptable standards of cooperation, work, attitude and effort - ']","['Meets acceptable standards of cooperation, work, attitude and effort - ']",[''],"['Meets acceptable standards of cooperation, work, attitude and effort - ']",['Demonstrates outstanding effort--'],['Demonstrates outstanding effort--']
195,00116507,"['Meets acceptable standards of cooperation, work, attitude and effort - ']",['Conscientious about classroom responsibilities--'],[''],"['Meets acceptable standards of cooperation, work, attitude and effort - ']",[''],"['Meets acceptable standards of cooperation, work, attitude and effort - ']",['Demonstrates outstanding effort--'],['Demonstrates outstanding effort--']
196,00118150,[''],"['Meets acceptable standards of cooperation, work, attitude and effort - ']","['Meets acceptable standards of cooperation, work, attitude and effort - ']","['Meets acceptable standards of cooperation, work, attitude and effort - ']",[''],"['Meets acceptable standards of cooperation, work, attitude and effort - ']",['Incomplete homework--Asignaciones incompletas.'],['Incomplete homework--']
197,00145284,['Demonstrates outstanding effort--'],[''],"['Demonstrates above average ability, motivation and attitude in this class--']",[''],[''],"['Meets acceptable standards of cooperation, work, attitude and effort - ']","['Meets acceptable standards of cooperation, work, attitude and effort - ']",['Incomplete homework--']
198,00115598,"['Meets acceptable standards of cooperation, work, attitude and effort - ']",['Conscientious about classroom responsibilities--'],"['Demonstrates above average ability, motivation and attitude in this class--']",['Demonstrates outstanding effort--'],[''],['Demonstrates outstanding effort--'],"['Meets acceptable standards of cooperation, work, attitude and effort - ']","['Meets acceptable standards of cooperation, work, attitude and effort - ']"
199,00134689,"['Meets acceptable standards of cooperation, work, attitude and effort - ']","['Demonstrates above average ability, motivation and attitude in this class--']","['Meets acceptable standards of cooperation, work, attitude and effort - ']",['Demonstrates outstanding effort--'],"['Meets acceptable standards of cooperation, work, attitude and effort - ']",[''],"['Meets acceptable standards of cooperation, work, attitude and effort - ']","['Demonstrates above average ability, motivation and attitude in this class--']"
200,00132613,"['Meets acceptable standards of cooperation, work, attitude and effort - ']",['Need put more effort for Chinese'],['Demonstrates outstanding effort--'],"['Meets acceptable standards of cooperation, work, attitude and effort - ']",['Poor test scores--'],[''],['Demonstrates outstanding effort--'],"['Demonstrates above average ability, motivation and attitude in this class--']"
201,00140983,"['Meets acceptable standards of cooperation, work, attitude and effort - ']",[''],['Demonstrates outstanding effort--'],[''],"['Meets acceptable standards of cooperation, work, attitude and effort - ']","['Meets acceptable standards of cooperation, work, attitude and effort - ']",[''],['Conscientious about classroom responsibilities--']
202,00117746,"['Meets acceptable standards of cooperation, work, attitude and effort - ']","['Meets acceptable standards of cooperation, work, attitude and effort - ']",['Demonstrates outstanding effort--'],[''],[''],"['Meets acceptable standards of cooperation, work, attitude and effort - ']",['Demonstrates outstanding effort--'],"['Demonstrates above average ability, motivation and attitude in this class--']"
203,00117707,[''],['Need put more effort for Chinese'],"['Meets acceptable standards of cooperation, work, attitude and effort - ']",['Demonstrates outstanding effort--'],"['Demonstrates above average ability, motivation and attitude in this class--']",['Incomplete homework--'],[''],"['Meets acceptable standards of cooperation, work, attitude and effort - ']"
204,00117431,['Demonstrates outstanding effort--'],"['Meets acceptable standards of cooperation, work, attitude and effort - ']",['Demonstrates outstanding effort--'],[''],['Demonstrates outstanding effort--'],[''],"['Meets acceptable standards of cooperation, work, attitude and effort - ']","['Demonstrates above average ability, motivation and attitude in this class--']"
205,00118005,"['Meets acceptable standards of cooperation, work, attitude and effort - ']",['Conscientious about classroom responsibilities--'],"['Meets acceptable standards of cooperation, work, attitude and effort - ']",['Demonstrates outstanding effort--'],"['Demonstrates above average ability, motivation and attitude in this class--']",[''],['Conscientious about classroom responsibilities--'],"['Meets acceptable standards of cooperation, work, attitude and effort - ']"
206,00117704,['Demonstrates outstanding effort--'],[''],"['Meets acceptable standards of cooperation, work, attitude and effort - ']","['Demonstrates above average ability, motivation and attitude in this class--']","['Demonstrates above average ability, motivation and attitude in this class--']",[''],"['Meets acceptable standards of cooperation, work, attitude and effort - ']","['Meets acceptable standards of cooperation, work, attitude and effort - ']"
207,00118251,['Parent conference requested--'],[''],['Need put more effort for Chinese'],['Owes work due to absences --'],[''],"['Meets acceptable standards of cooperation, work, attitude and effort - ']",['Conscientious about classroom responsibilities--'],['Demonstrates outstanding effort--']
208,00118812,['Demonstrates outstanding effort--'],"['Meets acceptable standards of cooperation, work, attitude and effort - ']",['Demonstrates outstanding effort--'],[''],"['Meets acceptable standards of cooperation, work, attitude and effort - ']","['Meets acceptable standards of cooperation, work, attitude and effort - ']",['Demonstrates outstanding effort--'],"['Demonstrates above average ability, motivation and attitude in this class--']"
209,00117454,"['Meets acceptable standards of cooperation, work, attitude and effort - ']","['Meets acceptable standards of cooperation, work, attitude and effort - ']","['Demonstrates above average ability, motivation and attitude in this class--']","['Meets acceptable standards of cooperation, work, attitude and effort - ']",[''],['Demonstrates outstanding effort--'],"['Meets acceptable standards of cooperation, work, attitude and effort - ']","['Meets acceptable standards of cooperation, work, attitude and effort - ']"
210,00117149,"['Meets acceptable standards of cooperation, work, attitude and effort - ']",['Conscientious about classroom responsibilities--'],[''],['Conscientious about classroom responsibilities--'],"['Meets acceptable standards of cooperation, work, attitude and effort - ']","['Meets acceptable standards of cooperation, work, attitude and effort - ']",[''],"['Demonstrates above average ability, motivation and attitude in this class--']"
211,00117505,"['Meets acceptable standards of cooperation, work, attitude and effort - ']","['Demonstrates above average ability, motivation and attitude in this class--']","['Meets acceptable standards of cooperation, work, attitude and effort - ']",['Demonstrates outstanding effort--'],"['Meets acceptable standards of cooperation, work, attitude and effort - ']",[''],[''],"['Meets acceptable standards of cooperation, work, attitude and effort - ']"
212,00117739,"['Meets acceptable standards of cooperation, work, attitude and effort - ']",['Conscientious about classroom responsibilities--'],['Demonstrates outstanding effort--'],[''],[''],"['Meets acceptable standards of cooperation, work, attitude and effort - ']",['Need put more effort for Chinese'],"['Meets acceptable standards of cooperation, work, attitude and effort - ']"
213,00118015,"['Meets acceptable standards of cooperation, work, attitude and effort - ']","['Meets acceptable standards of cooperation, work, attitude and effort - ']","['Meets acceptable standards of cooperation, work, attitude and effort - ']","['Demonstrates above average ability, motivation and attitude in this class--']",[''],"['Meets acceptable standards of cooperation, work, attitude and effort - ']","['Demonstrates above average ability, motivation and attitude in this class--']",['Excessive lateness--']
214,00117318,"['Meets acceptable standards of cooperation, work, attitude and effort - ']","['Meets acceptable standards of cooperation, work, attitude and effort - ']",['Improvement noted--'],"['Meets acceptable standards of cooperation, work, attitude and effort - ']","['Meets acceptable standards of cooperation, work, attitude and effort - ']",[''],[''],"['Demonstrates above average ability, motivation and attitude in this class--']"
215,00115686,['Poor test scores--'],['Parent conference requested--'],"['Meets acceptable standards of cooperation, work, attitude and effort - ']",['Conscientious about classroom responsibilities--'],[''],['Good work. Satisfactory'],"['Meets acceptable standards of cooperation, work, attitude and effort - ']","['Meets acceptable standards of cooperation, work, attitude and effort - ']"
216,00117524,"['Meets acceptable standards of cooperation, work, attitude and effort - ']","['Meets acceptable standards of cooperation, work, attitude and effort - ']","['Demonstrates above average ability, motivation and attitude in this class--']","['Meets acceptable standards of cooperation, work, attitude and effort - ']","['Meets acceptable standards of cooperation, work, attitude and effort - ']",[''],"['Meets acceptable standards of cooperation, work, attitude and effort - ']","['Demonstrates above average ability, motivation and attitude in this class--']"
217,00122906,"['Meets acceptable standards of cooperation, work, attitude and effort - ']","['Meets acceptable standards of cooperation, work, attitude and effort - ']",['Demonstrates outstanding effort--'],[''],['Demonstrates outstanding effort--'],"['Demonstrates above average ability, motivation and attitude in this class--']","['Demonstrates above average ability, motivation, and attitude in this class--']","['Demonstrates above average ability, motivation and attitude in this class--']"
